OrderID,PizzaID,Quantity,Price
1,1,3,12.99
1,1,1,12.99
2,6,2,13.99
2,6,3,13.99
2,3,1,18.99
3,6,1,13.99
3,3,2,18.99
4,2,1,15.99
4,5,2,16.99
4,5,2,16.99
5,2,3,15.99
6,6,3,13.99
6,4,2,14.99
6,1,2,12.99
6,1,1,12.99
7,5,2,16.99
7,5,2,16.99
7,4,3,14.99
7,1,1,12.99
8,3,2,18.99
9,2,3,15.99
10,4,3,14.99
10,4,3,14.99
10,1,1,12.99
10,6,3,13.99
11,3,1,18.99
11,3,1,18.99
12,3,1,18.99
12,4,3,14.99
13,1,3,12.99
13,6,1,13.99
13,2,2,15.99
14,4,1,14.99
15,5,2,16.99
15,2,3,15.99
15,4,2,14.99
15,6,1,13.99
16,4,1,14.99
17,1,2,12.99
17,5,2,16.99
17,2,2,15.99
17,3,2,18.99
18,3,1,18.99
19,1,2,12.99
19,5,3,16.99
20,2,2,15.99
20,2,1,15.99
20,4,1,14.99
20,1,1,12.99
21,6,3,13.99
22,2,2,15.99
23,6,2,13.99
23,6,3,13.99
24,5,3,16.99
24,6,3,13.99
24,4,3,14.99
25,2,3,15.99
25,2,2,15.99
25,1,2,12.99
25,5,1,16.99
26,4,3,14.99
27,3,1,18.99
27,4,2,14.99
28,1,3,12.99
28,3,3,18.99
28,2,1,15.99
29,5,1,16.99
30,1,3,12.99
31,3,2,18.99
31,2,1,15.99
32,4,2,14.99
32,2,3,15.99
33,3,1,18.99
33,3,1,18.99
33,4,2,14.99
33,2,2,15.99
34,5,1,16.99
34,3,2,18.99
34,6,2,13.99
35,3,1,18.99
36,5,3,16.99
36,5,2,16.99
36,6,1,13.99
37,3,3,18.99
37,3,3,18.99
37,5,2,16.99
37,3,2,18.99
38,3,3,18.99
39,2,2,15.99
40,5,1,16.99
40,5,2,16.99
41,5,3,16.99
42,2,2,15.99
42,6,3,13.99
43,3,2,18.99
44,3,3,18.99
45,6,1,13.99
45,3,1,18.99
45,5,3,16.99
45,4,3,14.99
46,3,2,18.99
46,1,3,12.99
46,5,1,16.99
47,5,3,16.99
48,1,2,12.99
48,4,2,14.99
49,5,1,16.99
49,1,3,12.99
49,4,1,14.99
50,2,1,15.99
51,1,3,12.99
51,3,2,18.99
51,3,3,18.99
52,2,3,15.99
52,6,2,13.99
53,6,2,13.99
53,3,1,18.99
53,1,2,12.99
53,4,1,14.99
54,4,3,14.99
55,4,1,14.99
55,6,3,13.99
55,4,3,14.99
55,5,2,16.99
56,6,1,13.99
56,6,2,13.99
56,2,1,15.99
56,5,2,16.99
57,3,3,18.99
58,1,2,12.99
59,2,2,15.99
59,5,2,16.99
60,4,2,14.99
60,1,2,12.99
61,5,2,16.99
61,6,1,13.99
61,2,3,15.99
61,4,2,14.99
62,5,2,16.99
62,1,3,12.99
62,2,1,15.99
63,5,3,16.99
63,6,3,13.99
64,4,3,14.99
64,3,1,18.99
64,1,2,12.99
64,4,3,14.99
65,4,2,14.99
65,4,3,14.99
65,1,2,12.99
65,2,2,15.99
66,4,1,14.99
66,3,1,18.99
66,4,2,14.99
66,3,1,18.99
67,3,2,18.99
67,4,1,14.99
67,1,3,12.99
67,2,2,15.99
68,3,3,18.99
68,1,3,12.99
68,1,3,12.99
68,6,3,13.99
69,5,3,16.99
69,6,1,13.99
70,3,1,18.99
71,6,1,13.99
71,3,3,18.99
71,2,1,15.99
71,5,1,16.99
72,1,3,12.99
72,3,1,18.99
72,4,1,14.99
72,1,1,12.99
73,4,1,14.99
73,6,1,13.99
73,2,3,15.99
73,1,3,12.99
74,5,1,16.99
74,3,2,18.99
75,1,1,12.99
76,2,1,15.99
76,4,2,14.99
76,3,1,18.99
76,5,3,16.99
77,1,1,12.99
77,1,2,12.99
77,5,2,16.99
78,4,3,14.99
78,5,3,16.99
78,3,1,18.99
78,4,3,14.99
79,2,3,15.99
79,1,3,12.99
79,3,1,18.99
80,4,1,14.99
80,2,1,15.99
80,2,3,15.99
80,2,3,15.99
81,6,2,13.99
82,4,2,14.99
82,4,1,14.99
82,5,1,16.99
82,4,3,14.99
83,6,2,13.99
83,1,2,12.99
83,3,3,18.99
84,3,3,18.99
84,5,1,16.99
84,4,2,14.99
84,3,3,18.99
85,4,3,14.99
85,4,2,14.99
86,5,3,16.99
87,5,3,16.99
87,2,2,15.99
87,2,1,15.99
87,2,1,15.99
88,5,1,16.99
89,6,1,13.99
89,3,3,18.99
90,6,1,13.99
90,3,2,18.99
90,1,2,12.99
90,2,1,15.99
91,1,3,12.99
92,6,2,13.99
92,5,2,16.99
93,2,2,15.99
93,2,1,15.99
93,6,2,13.99
93,3,2,18.99
94,1,2,12.99
95,1,1,12.99
96,5,2,16.99
97,6,1,13.99
98,3,2,18.99
99,5,2,16.99
99,4,2,14.99
99,4,2,14.99
99,5,1,16.99
100,6,3,13.99
100,3,2,18.99
100,3,1,18.99
101,6,2,13.99
101,2,3,15.99
101,6,3,13.99
101,2,3,15.99
102,1,3,12.99
103,3,3,18.99
103,1,1,12.99
103,4,2,14.99
103,5,3,16.99
104,3,2,18.99
105,1,1,12.99
105,2,1,15.99
105,6,3,13.99
105,4,2,14.99
106,2,2,15.99
106,1,2,12.99
106,1,1,12.99
107,4,2,14.99
108,5,1,16.99
108,2,1,15.99
108,5,3,16.99
108,5,2,16.99
109,1,3,12.99
109,4,3,14.99
110,3,1,18.99
110,3,2,18.99
110,3,2,18.99
110,3,3,18.99
111,3,1,18.99
112,3,2,18.99
113,2,2,15.99
113,4,1,14.99
113,1,3,12.99
114,3,2,18.99
115,4,1,14.99
115,2,1,15.99
115,6,2,13.99
116,1,2,12.99
116,4,2,14.99
117,3,1,18.99
117,6,1,13.99
118,1,2,12.99
118,6,3,13.99
118,1,1,12.99
118,4,3,14.99
119,4,3,14.99
120,1,2,12.99
121,2,3,15.99
121,6,1,13.99
122,6,3,13.99
122,1,1,12.99
122,3,3,18.99
122,2,1,15.99
123,6,1,13.99
123,1,2,12.99
123,4,1,14.99
123,6,2,13.99
124,2,2,15.99
124,1,2,12.99
124,2,3,15.99
125,3,3,18.99
125,3,3,18.99
125,5,1,16.99
125,4,1,14.99
126,1,3,12.99
127,3,3,18.99
127,5,3,16.99
127,6,3,13.99
128,5,1,16.99
128,1,3,12.99
128,5,1,16.99
128,4,3,14.99
129,1,2,12.99
129,5,3,16.99
129,4,3,14.99
130,6,3,13.99
130,2,3,15.99
131,1,2,12.99
132,6,3,13.99
132,5,2,16.99
133,4,1,14.99
133,3,2,18.99
133,5,2,16.99
133,4,3,14.99
134,4,1,14.99
135,1,3,12.99
135,6,3,13.99
136,1,1,12.99
136,6,2,13.99
137,3,3,18.99
137,1,1,12.99
138,3,1,18.99
138,2,3,15.99
138,1,1,12.99
138,1,2,12.99
139,3,2,18.99
139,3,1,18.99
139,3,3,18.99
139,4,1,14.99
140,3,2,18.99
140,6,3,13.99
141,6,3,13.99
141,2,3,15.99
141,2,1,15.99
141,2,1,15.99
142,4,3,14.99
143,6,1,13.99
143,3,2,18.99
144,5,1,16.99
144,4,1,14.99
145,1,1,12.99
145,6,2,13.99
145,2,3,15.99
145,1,1,12.99
146,1,2,12.99
146,3,1,18.99
146,4,3,14.99
146,2,2,15.99
147,6,2,13.99
148,3,2,18.99
149,2,2,15.99
150,5,1,16.99
150,3,1,18.99
150,2,3,15.99
150,3,2,18.99
151,4,3,14.99
151,3,2,18.99
151,3,1,18.99
151,2,1,15.99
152,5,1,16.99
153,6,1,13.99
153,6,3,13.99
153,4,2,14.99
153,2,3,15.99
154,2,1,15.99
154,3,3,18.99
155,4,3,14.99
155,5,2,16.99
155,2,1,15.99
155,6,3,13.99
156,1,3,12.99
156,3,2,18.99
156,1,1,12.99
157,6,2,13.99
158,1,1,12.99
158,2,1,15.99
158,3,2,18.99
159,4,2,14.99
159,5,3,16.99
159,3,3,18.99
160,3,1,18.99
160,1,3,12.99
161,5,2,16.99
162,5,2,16.99
162,2,1,15.99
163,2,2,15.99
163,3,2,18.99
164,2,2,15.99
164,4,2,14.99
165,3,1,18.99
165,5,1,16.99
166,3,3,18.99
167,2,1,15.99
167,3,3,18.99
167,1,3,12.99
167,6,3,13.99
168,1,2,12.99
168,6,1,13.99
169,4,2,14.99
169,5,1,16.99
170,6,2,13.99
171,6,3,13.99
171,5,2,16.99
172,2,2,15.99
173,2,1,15.99
173,6,2,13.99
173,5,3,16.99
173,2,2,15.99
174,1,1,12.99
175,5,2,16.99
176,4,2,14.99
176,1,1,12.99
177,5,1,16.99
177,2,2,15.99
178,1,1,12.99
178,3,2,18.99
179,2,1,15.99
179,6,2,13.99
180,4,1,14.99
181,5,1,16.99
181,4,2,14.99
181,3,2,18.99
182,6,3,13.99
183,1,3,12.99
183,6,2,13.99
183,6,3,13.99
183,6,2,13.99
184,5,3,16.99
184,1,2,12.99
184,5,1,16.99
185,3,2,18.99
186,6,3,13.99
187,3,1,18.99
188,4,1,14.99
188,1,2,12.99
188,3,1,18.99
188,3,1,18.99
189,5,2,16.99
189,2,3,15.99
189,3,3,18.99
189,2,1,15.99
190,3,1,18.99
191,3,2,18.99
192,2,3,15.99
192,4,1,14.99
192,5,2,16.99
192,3,1,18.99
193,3,3,18.99
193,5,3,16.99
193,5,3,16.99
193,3,1,18.99
194,2,1,15.99
194,6,1,13.99
194,6,2,13.99
194,5,2,16.99
195,4,1,14.99
195,1,1,12.99
195,4,2,14.99
196,4,3,14.99
196,5,3,16.99
196,3,2,18.99
197,4,1,14.99
198,2,3,15.99
199,2,2,15.99
199,4,3,14.99
199,2,3,15.99
199,5,2,16.99
200,6,1,13.99
200,4,2,14.99
200,3,2,18.99
200,6,2,13.99
201,5,1,16.99
201,3,2,18.99
201,3,3,18.99
201,3,3,18.99
202,4,3,14.99
202,6,2,13.99
203,3,2,18.99
203,4,2,14.99
203,5,1,16.99
203,4,1,14.99
204,5,3,16.99
204,5,2,16.99
205,5,3,16.99
206,4,3,14.99
207,2,2,15.99
208,1,3,12.99
208,2,2,15.99
208,1,3,12.99
208,6,2,13.99
209,6,3,13.99
209,5,3,16.99
209,2,3,15.99
209,1,3,12.99
210,6,3,13.99
210,2,3,15.99
211,3,3,18.99
212,2,2,15.99
212,4,2,14.99
213,1,2,12.99
213,4,3,14.99
213,2,3,15.99
213,6,3,13.99
214,3,2,18.99
214,5,1,16.99
214,2,1,15.99
215,3,2,18.99
215,3,3,18.99
215,4,1,14.99
215,3,2,18.99
216,6,2,13.99
216,6,3,13.99
216,2,1,15.99
217,4,2,14.99
217,1,1,12.99
217,2,1,15.99
217,4,1,14.99
218,6,1,13.99
218,4,2,14.99
218,5,2,16.99
218,3,1,18.99
219,6,2,13.99
219,4,1,14.99
219,1,1,12.99
219,4,3,14.99
220,2,3,15.99
221,5,2,16.99
221,3,2,18.99
221,4,3,14.99
221,3,3,18.99
222,6,3,13.99
222,6,3,13.99
223,6,2,13.99
224,4,1,14.99
225,2,3,15.99
226,2,1,15.99
226,4,3,14.99
227,2,2,15.99
227,6,1,13.99
227,6,2,13.99
227,6,3,13.99
228,6,1,13.99
229,4,3,14.99
229,6,3,13.99
229,6,1,13.99
229,2,2,15.99
230,2,3,15.99
230,2,3,15.99
230,2,1,15.99
231,3,2,18.99
232,1,2,12.99
233,5,2,16.99
234,2,3,15.99
234,4,3,14.99
234,5,1,16.99
234,2,2,15.99
235,3,2,18.99
235,1,2,12.99
236,2,2,15.99
236,5,1,16.99
236,3,1,18.99
237,4,3,14.99
238,2,1,15.99
238,6,3,13.99
238,5,2,16.99
239,1,1,12.99
239,5,2,16.99
239,5,3,16.99
239,5,2,16.99
240,2,3,15.99
240,3,3,18.99
241,4,1,14.99
242,2,3,15.99
242,5,3,16.99
243,5,1,16.99
243,1,2,12.99
243,1,2,12.99
244,5,3,16.99
244,4,2,14.99
245,5,1,16.99
245,5,3,16.99
245,6,3,13.99
245,2,3,15.99
246,5,1,16.99
246,1,3,12.99
246,6,2,13.99
246,2,2,15.99
247,3,1,18.99
247,4,2,14.99
248,6,3,13.99
248,3,2,18.99
248,1,1,12.99
249,1,3,12.99
249,3,3,18.99
249,3,3,18.99
249,5,2,16.99
250,5,1,16.99
250,5,3,16.99
251,1,1,12.99
251,1,3,12.99
251,2,1,15.99
251,5,1,16.99
252,6,2,13.99
252,2,3,15.99
252,6,3,13.99
252,2,1,15.99
253,1,3,12.99
253,1,3,12.99
254,6,2,13.99
254,1,2,12.99
254,2,3,15.99
255,3,3,18.99
256,5,3,16.99
257,2,2,15.99
258,6,1,13.99
258,5,2,16.99
259,3,1,18.99
260,2,1,15.99
261,3,3,18.99
261,2,3,15.99
261,6,3,13.99
262,3,2,18.99
262,4,2,14.99
262,4,2,14.99
262,2,3,15.99
263,6,2,13.99
263,5,3,16.99
263,2,2,15.99
264,6,3,13.99
264,3,1,18.99
264,6,3,13.99
264,4,2,14.99
265,6,3,13.99
266,1,2,12.99
267,6,3,13.99
267,5,2,16.99
267,6,2,13.99
267,5,2,16.99
268,4,2,14.99
268,3,3,18.99
268,4,1,14.99
269,4,2,14.99
269,2,2,15.99
270,6,1,13.99
270,2,3,15.99
271,4,3,14.99
271,5,2,16.99
271,1,3,12.99
271,5,2,16.99
272,5,3,16.99
272,6,3,13.99
272,4,1,14.99
272,4,1,14.99
273,4,1,14.99
273,5,2,16.99
273,5,3,16.99
274,2,3,15.99
275,3,1,18.99
275,1,3,12.99
275,6,2,13.99
275,1,2,12.99
276,6,3,13.99
276,1,3,12.99
276,2,1,15.99
276,6,1,13.99
277,2,1,15.99
277,5,2,16.99
277,4,3,14.99
277,4,2,14.99
278,1,3,12.99
278,5,2,16.99
278,2,1,15.99
279,1,2,12.99
280,3,1,18.99
280,5,1,16.99
280,5,1,16.99
280,3,2,18.99
281,3,1,18.99
281,5,2,16.99
282,2,3,15.99
282,3,2,18.99
283,4,1,14.99
283,6,2,13.99
283,5,2,16.99
284,5,3,16.99
285,2,3,15.99
285,5,3,16.99
286,3,2,18.99
287,2,1,15.99
287,1,2,12.99
287,3,2,18.99
288,3,2,18.99
288,6,1,13.99
288,1,1,12.99
289,2,1,15.99
289,1,2,12.99
289,3,1,18.99
289,1,3,12.99
290,1,3,12.99
290,1,2,12.99
290,1,1,12.99
290,5,1,16.99
291,3,2,18.99
291,2,2,15.99
291,1,3,12.99
291,5,3,16.99
292,1,1,12.99
292,2,1,15.99
292,3,1,18.99
293,3,3,18.99
293,4,3,14.99
293,6,2,13.99
293,3,3,18.99
294,2,3,15.99
294,2,2,15.99
295,2,1,15.99
295,6,3,13.99
295,2,2,15.99
295,6,1,13.99
296,4,1,14.99
296,2,2,15.99
296,1,3,12.99
296,5,2,16.99
297,2,1,15.99
298,4,3,14.99
298,3,1,18.99
298,6,3,13.99
299,3,2,18.99
299,3,3,18.99
299,4,2,14.99
300,1,2,12.99
301,3,1,18.99
301,2,2,15.99
301,4,3,14.99
302,5,2,16.99
302,6,1,13.99
302,1,3,12.99
302,1,3,12.99
303,6,3,13.99
303,6,1,13.99
303,6,2,13.99
304,2,2,15.99
305,6,2,13.99
305,5,3,16.99
305,5,3,16.99
306,5,2,16.99
307,5,2,16.99
307,2,2,15.99
307,1,2,12.99
307,3,3,18.99
308,1,2,12.99
309,6,1,13.99
309,4,2,14.99
309,2,1,15.99
309,4,1,14.99
310,2,2,15.99
310,6,2,13.99
310,2,2,15.99
310,6,3,13.99
311,5,2,16.99
312,4,3,14.99
312,3,3,18.99
312,1,3,12.99
312,5,2,16.99
313,3,1,18.99
313,2,2,15.99
313,6,2,13.99
313,5,3,16.99
314,1,2,12.99
314,3,1,18.99
314,6,1,13.99
314,3,3,18.99
315,3,1,18.99
315,1,3,12.99
315,2,3,15.99
315,2,2,15.99
316,5,1,16.99
316,6,2,13.99
316,4,1,14.99
317,2,2,15.99
317,1,1,12.99
317,1,3,12.99
318,4,2,14.99
318,5,1,16.99
318,3,3,18.99
319,3,3,18.99
319,1,3,12.99
319,5,2,16.99
319,1,3,12.99
320,6,2,13.99
320,3,1,18.99
320,5,2,16.99
320,3,1,18.99
321,6,3,13.99
322,4,3,14.99
323,3,2,18.99
323,2,1,15.99
324,4,3,14.99
324,5,2,16.99
324,2,3,15.99
324,1,2,12.99
325,1,2,12.99
325,4,3,14.99
326,6,2,13.99
327,2,3,15.99
327,6,1,13.99
327,1,1,12.99
328,5,3,16.99
328,5,1,16.99
328,3,3,18.99
328,4,3,14.99
329,1,2,12.99
329,4,2,14.99
329,3,1,18.99
330,5,2,16.99
330,4,3,14.99
330,5,3,16.99
330,1,1,12.99
331,4,3,14.99
331,2,2,15.99
331,3,1,18.99
332,3,3,18.99
333,3,3,18.99
334,3,2,18.99
334,4,3,14.99
335,4,3,14.99
335,5,2,16.99
335,5,3,16.99
335,6,3,13.99
336,6,3,13.99
336,3,1,18.99
336,3,1,18.99
337,3,1,18.99
337,1,2,12.99
337,3,2,18.99
337,1,1,12.99
338,1,1,12.99
339,2,2,15.99
339,2,3,15.99
340,1,2,12.99
340,6,3,13.99
340,6,1,13.99
341,1,1,12.99
341,2,3,15.99
341,2,3,15.99
341,2,3,15.99
342,1,2,12.99
343,5,2,16.99
344,5,3,16.99
344,5,2,16.99
345,5,1,16.99
345,2,1,15.99
346,6,3,13.99
346,2,1,15.99
346,3,2,18.99
347,4,1,14.99
347,1,2,12.99
347,2,2,15.99
348,5,3,16.99
349,6,1,13.99
349,5,2,16.99
349,1,1,12.99
350,4,1,14.99
350,5,3,16.99
351,3,3,18.99
351,1,1,12.99
352,6,1,13.99
352,5,1,16.99
352,6,1,13.99
353,5,2,16.99
354,4,3,14.99
354,5,1,16.99
354,6,3,13.99
355,1,1,12.99
355,2,2,15.99
356,3,3,18.99
356,4,3,14.99
357,5,1,16.99
358,1,2,12.99
358,4,1,14.99
358,3,3,18.99
359,5,3,16.99
359,5,2,16.99
359,5,1,16.99
359,6,1,13.99
360,3,1,18.99
360,6,2,13.99
361,2,3,15.99
362,5,2,16.99
363,2,2,15.99
363,5,1,16.99
364,1,3,12.99
364,6,1,13.99
364,5,3,16.99
365,6,1,13.99
365,1,3,12.99
365,1,2,12.99
365,5,3,16.99
366,2,3,15.99
366,6,3,13.99
366,5,2,16.99
367,6,1,13.99
367,4,1,14.99
367,6,2,13.99
368,5,2,16.99
369,3,3,18.99
369,4,1,14.99
369,3,3,18.99
369,1,2,12.99
370,5,3,16.99
370,3,1,18.99
370,6,1,13.99
371,4,3,14.99
371,3,3,18.99
372,6,2,13.99
372,4,2,14.99
373,1,2,12.99
373,4,3,14.99
373,3,2,18.99
374,2,2,15.99
374,3,2,18.99
374,4,2,14.99
374,2,2,15.99
375,1,3,12.99
375,6,3,13.99
376,4,1,14.99
376,3,2,18.99
376,3,1,18.99
376,6,2,13.99
377,2,3,15.99
377,2,2,15.99
377,3,3,18.99
377,5,1,16.99
378,5,1,16.99
378,1,1,12.99
378,1,1,12.99
379,2,2,15.99
379,5,3,16.99
379,6,1,13.99
380,2,1,15.99
380,1,2,12.99
380,5,3,16.99
381,1,2,12.99
381,1,2,12.99
381,5,2,16.99
382,3,3,18.99
382,4,1,14.99
383,1,2,12.99
383,3,3,18.99
383,5,3,16.99
383,4,2,14.99
384,3,1,18.99
385,6,1,13.99
385,6,1,13.99
385,3,1,18.99
385,6,1,13.99
386,5,3,16.99
386,6,2,13.99
386,3,1,18.99
387,6,3,13.99
387,3,3,18.99
387,1,2,12.99
387,6,1,13.99
388,3,3,18.99
388,5,2,16.99
388,5,2,16.99
389,5,1,16.99
390,4,3,14.99
391,1,2,12.99
391,5,3,16.99
391,4,3,14.99
392,3,2,18.99
393,4,3,14.99
393,1,1,12.99
393,1,3,12.99
394,1,3,12.99
394,5,2,16.99
395,5,2,16.99
395,6,3,13.99
395,5,2,16.99
395,5,3,16.99
396,5,3,16.99
396,3,1,18.99
396,6,1,13.99
396,2,2,15.99
397,4,3,14.99
397,6,3,13.99
397,4,1,14.99
398,5,1,16.99
398,2,1,15.99
398,1,1,12.99
398,5,1,16.99
399,6,2,13.99
400,5,2,16.99
400,3,3,18.99
400,6,2,13.99
401,4,2,14.99
401,6,1,13.99
402,6,1,13.99
403,3,2,18.99
403,3,3,18.99
403,6,3,13.99
404,6,1,13.99
404,5,2,16.99
405,6,1,13.99
405,3,1,18.99
406,6,2,13.99
406,2,3,15.99
406,1,2,12.99
406,2,2,15.99
407,4,3,14.99
408,3,3,18.99
408,1,3,12.99
409,2,2,15.99
409,5,3,16.99
409,6,3,13.99
410,3,1,18.99
410,3,1,18.99
410,4,1,14.99
411,1,1,12.99
411,4,1,14.99
411,2,2,15.99
412,5,3,16.99
412,3,2,18.99
412,6,1,13.99
412,4,1,14.99
413,5,2,16.99
413,3,2,18.99
414,5,2,16.99
415,4,1,14.99
415,3,1,18.99
415,3,3,18.99
416,2,2,15.99
416,5,2,16.99
417,6,2,13.99
417,4,3,14.99
417,5,3,16.99
418,2,2,15.99
418,1,1,12.99
418,3,1,18.99
418,3,2,18.99
419,5,2,16.99
419,3,2,18.99
420,2,3,15.99
421,1,3,12.99
421,1,2,12.99
422,5,2,16.99
423,5,2,16.99
423,2,1,15.99
423,5,2,16.99
423,1,3,12.99
424,6,2,13.99
425,1,3,12.99
425,6,2,13.99
425,6,2,13.99
426,1,1,12.99
426,3,1,18.99
427,4,1,14.99
427,6,3,13.99
428,3,2,18.99
429,4,3,14.99
429,2,3,15.99
429,1,3,12.99
429,6,2,13.99
430,4,2,14.99
430,2,3,15.99
430,6,1,13.99
430,5,1,16.99
431,6,3,13.99
431,6,1,13.99
431,6,3,13.99
432,4,2,14.99
432,4,3,14.99
432,3,3,18.99
433,4,3,14.99
433,3,2,18.99
433,4,3,14.99
434,3,1,18.99
435,6,1,13.99
435,4,2,14.99
435,3,1,18.99
436,2,2,15.99
437,5,3,16.99
437,5,2,16.99
438,6,2,13.99
438,1,3,12.99
439,4,2,14.99
439,1,3,12.99
440,5,3,16.99
440,4,2,14.99
441,3,1,18.99
441,3,3,18.99
441,5,1,16.99
441,2,2,15.99
442,3,3,18.99
443,4,2,14.99
444,3,1,18.99
444,6,3,13.99
445,2,1,15.99
446,4,1,14.99
446,3,3,18.99
446,3,2,18.99
446,1,1,12.99
447,2,1,15.99
447,2,2,15.99
447,4,3,14.99
448,1,1,12.99
449,3,1,18.99
449,4,2,14.99
449,2,3,15.99
449,6,1,13.99
450,4,3,14.99
450,6,2,13.99
451,2,3,15.99
451,1,1,12.99
451,3,2,18.99
452,5,2,16.99
453,6,2,13.99
453,1,3,12.99
454,2,1,15.99
454,2,3,15.99
454,5,1,16.99
454,5,1,16.99
455,3,3,18.99
455,4,3,14.99
456,2,3,15.99
456,6,1,13.99
456,3,1,18.99
456,2,1,15.99
457,3,3,18.99
458,4,1,14.99
458,1,2,12.99
459,6,3,13.99
459,2,1,15.99
459,1,1,12.99
460,4,1,14.99
461,3,2,18.99
461,4,1,14.99
462,4,2,14.99
462,4,1,14.99
463,3,3,18.99
463,5,1,16.99
463,4,3,14.99
463,6,2,13.99
464,5,3,16.99
464,3,1,18.99
465,5,3,16.99
465,4,3,14.99
465,5,1,16.99
466,1,1,12.99
466,4,2,14.99
467,1,2,12.99
467,2,2,15.99
467,1,1,12.99
467,4,2,14.99
468,6,2,13.99
468,6,3,13.99
468,1,2,12.99
468,2,1,15.99
469,6,2,13.99
469,4,1,14.99
469,2,2,15.99
469,4,3,14.99
470,1,1,12.99
470,6,2,13.99
470,5,2,16.99
471,4,1,14.99
471,6,1,13.99
471,3,3,18.99
471,3,2,18.99
472,2,3,15.99
472,2,3,15.99
472,4,3,14.99
472,6,2,13.99
473,1,3,12.99
473,5,3,16.99
473,6,2,13.99
474,4,3,14.99
475,3,2,18.99
476,4,2,14.99
476,6,1,13.99
477,2,3,15.99
477,1,1,12.99
477,4,3,14.99
478,1,3,12.99
478,4,1,14.99
479,1,3,12.99
479,3,1,18.99
479,4,1,14.99
479,2,2,15.99
480,1,1,12.99
480,4,1,14.99
481,3,3,18.99
482,6,2,13.99
482,1,1,12.99
482,3,1,18.99
483,1,3,12.99
483,1,3,12.99
484,5,2,16.99
484,4,2,14.99
485,4,1,14.99
485,3,1,18.99
486,6,3,13.99
486,5,3,16.99
486,1,2,12.99
487,6,1,13.99
487,3,3,18.99
487,6,3,13.99
487,6,1,13.99
488,4,3,14.99
488,6,1,13.99
489,1,2,12.99
489,4,3,14.99
490,2,3,15.99
491,5,1,16.99
491,3,1,18.99
491,5,3,16.99
491,2,1,15.99
492,1,3,12.99
492,5,3,16.99
492,2,2,15.99
492,3,1,18.99
493,3,1,18.99
493,4,3,14.99
494,6,2,13.99
494,4,2,14.99
494,5,2,16.99
494,6,2,13.99
495,5,3,16.99
496,3,3,18.99
497,2,3,15.99
497,2,3,15.99
497,6,3,13.99
498,3,2,18.99
499,4,3,14.99
499,4,2,14.99
499,3,2,18.99
499,4,3,14.99
500,3,2,18.99
500,2,2,15.99
501,4,3,14.99
501,4,2,14.99
502,5,3,16.99
503,2,2,15.99
503,6,1,13.99
503,4,3,14.99
503,4,3,14.99
504,6,1,13.99
504,5,3,16.99
504,2,2,15.99
505,1,1,12.99
506,6,3,13.99
506,1,2,12.99
506,6,2,13.99
506,3,3,18.99
507,6,2,13.99
507,2,1,15.99
507,2,2,15.99
508,2,2,15.99
508,5,3,16.99
508,3,2,18.99
509,4,3,14.99
510,1,3,12.99
510,1,1,12.99
510,6,1,13.99
510,6,1,13.99
511,3,2,18.99
511,6,2,13.99
511,1,3,12.99
511,4,2,14.99
512,4,2,14.99
513,3,3,18.99
513,6,1,13.99
513,1,1,12.99
513,5,1,16.99
514,2,3,15.99
514,4,1,14.99
515,5,1,16.99
516,6,2,13.99
516,5,2,16.99
516,5,1,16.99
517,5,1,16.99
517,4,3,14.99
517,6,1,13.99
517,6,1,13.99
518,3,1,18.99
518,1,3,12.99
518,4,1,14.99
519,5,1,16.99
519,5,1,16.99
520,6,1,13.99
521,3,1,18.99
521,5,2,16.99
521,1,1,12.99
521,1,1,12.99
522,6,2,13.99
523,2,3,15.99
523,1,1,12.99
524,3,1,18.99
524,5,3,16.99
524,4,2,14.99
525,1,1,12.99
526,2,2,15.99
527,1,2,12.99
528,3,1,18.99
528,5,3,16.99
528,5,3,16.99
529,1,2,12.99
529,1,3,12.99
529,5,3,16.99
530,2,2,15.99
530,5,1,16.99
531,4,1,14.99
532,4,2,14.99
532,1,3,12.99
533,4,2,14.99
533,2,3,15.99
533,3,2,18.99
533,5,2,16.99
534,1,1,12.99
534,1,2,12.99
534,1,2,12.99
535,3,1,18.99
535,2,1,15.99
536,1,2,12.99
536,4,2,14.99
536,2,3,15.99
537,3,1,18.99
537,1,2,12.99
537,3,3,18.99
538,6,1,13.99
539,3,2,18.99
539,2,3,15.99
539,6,1,13.99
540,4,2,14.99
540,6,2,13.99
540,3,2,18.99
540,3,1,18.99
541,5,3,16.99
541,2,1,15.99
541,4,3,14.99
542,1,2,12.99
543,5,1,16.99
543,4,2,14.99
543,6,3,13.99
544,6,2,13.99
544,2,3,15.99
544,6,2,13.99
544,4,1,14.99
545,6,3,13.99
545,3,1,18.99
545,3,2,18.99
546,6,2,13.99
546,1,3,12.99
546,4,1,14.99
546,5,3,16.99
547,5,3,16.99
547,3,3,18.99
548,3,1,18.99
549,3,1,18.99
549,6,3,13.99
550,5,3,16.99
550,3,1,18.99
550,1,2,12.99
550,2,3,15.99
551,2,1,15.99
551,2,3,15.99
551,1,2,12.99
552,2,1,15.99
552,1,1,12.99
552,5,3,16.99
552,5,2,16.99
553,6,3,13.99
553,5,2,16.99
554,5,3,16.99
554,1,1,12.99
554,6,3,13.99
555,4,1,14.99
555,4,1,14.99
555,5,3,16.99
555,3,1,18.99
556,2,1,15.99
557,6,3,13.99
557,3,1,18.99
558,3,2,18.99
558,4,1,14.99
559,1,2,12.99
559,4,2,14.99
559,3,2,18.99
559,5,1,16.99
560,1,1,12.99
561,5,1,16.99
561,1,2,12.99
562,5,2,16.99
562,6,2,13.99
562,5,2,16.99
563,3,1,18.99
563,6,3,13.99
563,2,1,15.99
564,5,2,16.99
564,3,3,18.99
564,4,2,14.99
565,1,1,12.99
566,3,2,18.99
566,5,2,16.99
567,6,1,13.99
567,4,2,14.99
568,2,2,15.99
569,3,2,18.99
569,2,2,15.99
569,2,1,15.99
569,6,3,13.99
570,2,2,15.99
571,2,2,15.99
571,6,2,13.99
572,3,3,18.99
572,4,2,14.99
572,3,2,18.99
572,1,2,12.99
573,1,2,12.99
573,3,1,18.99
574,6,3,13.99
575,2,1,15.99
575,4,1,14.99
575,2,3,15.99
575,1,1,12.99
576,1,1,12.99
576,2,1,15.99
576,6,1,13.99
577,6,2,13.99
578,3,2,18.99
578,1,1,12.99
578,5,1,16.99
578,6,2,13.99
579,1,2,12.99
579,4,3,14.99
580,1,1,12.99
580,6,3,13.99
580,3,1,18.99
581,6,3,13.99
582,1,2,12.99
583,1,3,12.99
583,1,3,12.99
584,3,1,18.99
585,4,2,14.99
585,2,2,15.99
585,5,3,16.99
585,4,3,14.99
586,1,3,12.99
586,6,3,13.99
587,4,3,14.99
587,3,1,18.99
588,5,1,16.99
589,1,3,12.99
589,3,1,18.99
590,1,3,12.99
590,6,1,13.99
591,5,3,16.99
591,1,1,12.99
591,1,2,12.99
591,3,3,18.99
592,5,3,16.99
592,4,2,14.99
593,2,1,15.99
593,5,1,16.99
594,1,1,12.99
595,5,1,16.99
595,1,2,12.99
595,4,1,14.99
596,5,3,16.99
597,3,3,18.99
597,3,1,18.99
597,2,3,15.99
598,2,3,15.99
598,3,2,18.99
599,4,1,14.99
599,1,1,12.99
599,6,1,13.99
599,1,3,12.99
600,3,2,18.99
600,5,1,16.99
600,4,3,14.99
600,2,1,15.99
601,4,2,14.99
601,2,3,15.99
601,5,3,16.99
601,6,1,13.99
602,1,2,12.99
602,2,1,15.99
602,6,2,13.99
602,6,1,13.99
603,3,3,18.99
604,4,3,14.99
605,2,2,15.99
605,5,2,16.99
606,3,2,18.99
606,6,1,13.99
607,1,3,12.99
608,5,3,16.99
608,2,3,15.99
609,3,1,18.99
609,3,3,18.99
609,1,3,12.99
609,2,1,15.99
610,5,1,16.99
611,2,1,15.99
611,6,3,13.99
611,2,2,15.99
611,1,2,12.99
612,4,1,14.99
613,3,1,18.99
613,6,1,13.99
613,4,1,14.99
613,3,2,18.99
614,4,3,14.99
614,4,2,14.99
615,3,1,18.99
615,3,2,18.99
616,4,1,14.99
617,6,1,13.99
617,5,3,16.99
617,6,2,13.99
617,1,2,12.99
618,2,3,15.99
618,4,3,14.99
618,6,1,13.99
619,5,2,16.99
620,3,1,18.99
621,3,3,18.99
621,2,2,15.99
621,2,1,15.99
621,3,3,18.99
622,4,3,14.99
622,1,2,12.99
622,6,3,13.99
623,3,1,18.99
623,2,1,15.99
624,4,3,14.99
624,4,2,14.99
624,2,1,15.99
625,1,2,12.99
625,3,1,18.99
625,3,2,18.99
625,6,1,13.99
626,1,1,12.99
627,6,1,13.99
627,1,2,12.99
628,4,1,14.99
628,4,2,14.99
628,3,2,18.99
628,3,1,18.99
629,6,2,13.99
630,6,1,13.99
630,5,1,16.99
631,5,3,16.99
631,4,1,14.99
632,4,1,14.99
632,3,3,18.99
632,2,2,15.99
633,6,2,13.99
634,3,1,18.99
634,4,3,14.99
634,3,2,18.99
634,2,2,15.99
635,6,1,13.99
635,1,2,12.99
635,3,2,18.99
635,1,1,12.99
636,4,3,14.99
636,6,1,13.99
636,1,2,12.99
637,6,1,13.99
637,5,2,16.99
638,1,1,12.99
638,3,1,18.99
638,4,1,14.99
639,5,2,16.99
639,1,1,12.99
639,4,2,14.99
639,2,2,15.99
640,3,2,18.99
640,3,3,18.99
640,1,2,12.99
640,2,1,15.99
641,5,2,16.99
641,3,1,18.99
642,3,2,18.99
642,1,1,12.99
642,4,3,14.99
643,1,1,12.99
644,6,1,13.99
644,4,1,14.99
644,6,1,13.99
644,3,3,18.99
645,1,3,12.99
645,4,3,14.99
645,4,2,14.99
646,2,2,15.99
646,3,3,18.99
646,2,2,15.99
647,3,3,18.99
648,5,2,16.99
649,2,3,15.99
649,1,3,12.99
649,4,2,14.99
649,4,2,14.99
650,3,1,18.99
650,4,3,14.99
650,3,2,18.99
651,5,2,16.99
651,3,2,18.99
651,5,1,16.99
651,1,2,12.99
652,4,3,14.99
652,5,1,16.99
653,2,2,15.99
653,6,3,13.99
653,1,3,12.99
653,4,2,14.99
654,3,3,18.99
655,4,2,14.99
656,1,2,12.99
657,6,2,13.99
657,2,3,15.99
657,2,3,15.99
658,3,1,18.99
658,4,1,14.99
658,3,3,18.99
659,4,1,14.99
659,2,3,15.99
660,3,3,18.99
660,1,3,12.99
660,6,3,13.99
660,3,2,18.99
661,6,3,13.99
661,6,1,13.99
661,2,1,15.99
661,6,2,13.99
662,6,2,13.99
662,1,1,12.99
662,5,1,16.99
662,2,3,15.99
663,6,2,13.99
663,2,2,15.99
664,4,3,14.99
665,2,2,15.99
665,4,3,14.99
665,6,3,13.99
666,2,3,15.99
666,3,2,18.99
666,4,3,14.99
666,4,3,14.99
667,1,2,12.99
667,6,2,13.99
667,4,1,14.99
668,2,2,15.99
668,6,2,13.99
668,3,2,18.99
669,2,1,15.99
669,3,1,18.99
669,6,1,13.99
670,5,1,16.99
670,4,2,14.99
671,3,3,18.99
671,1,2,12.99
671,5,2,16.99
671,3,2,18.99
672,6,3,13.99
672,3,3,18.99
672,1,3,12.99
672,3,1,18.99
673,1,1,12.99
673,6,1,13.99
674,6,3,13.99
674,3,1,18.99
675,4,1,14.99
675,2,1,15.99
676,2,3,15.99
677,4,1,14.99
677,1,3,12.99
677,3,3,18.99
677,6,1,13.99
678,5,1,16.99
678,1,3,12.99
678,5,3,16.99
678,4,2,14.99
679,5,1,16.99
679,1,1,12.99
680,3,3,18.99
680,4,2,14.99
680,3,1,18.99
680,6,1,13.99
681,4,2,14.99
682,6,3,13.99
682,4,2,14.99
683,3,3,18.99
684,2,3,15.99
685,4,3,14.99
686,2,1,15.99
686,2,3,15.99
686,1,1,12.99
687,6,1,13.99
687,6,2,13.99
688,1,1,12.99
688,5,1,16.99
688,2,3,15.99
688,5,2,16.99
689,1,1,12.99
689,6,3,13.99
689,3,3,18.99
689,1,1,12.99
690,6,2,13.99
690,2,2,15.99
690,1,3,12.99
691,5,1,16.99
691,1,2,12.99
692,3,3,18.99
692,5,1,16.99
692,1,1,12.99
693,1,1,12.99
693,4,3,14.99
693,2,3,15.99
693,4,1,14.99
694,4,1,14.99
695,5,1,16.99
695,6,2,13.99
696,2,3,15.99
697,5,3,16.99
697,4,2,14.99
697,2,2,15.99
698,4,2,14.99
699,4,1,14.99
699,6,1,13.99
700,6,2,13.99
700,5,1,16.99
701,5,1,16.99
701,6,2,13.99
701,5,1,16.99
702,5,3,16.99
702,3,2,18.99
703,5,1,16.99
703,6,3,13.99
703,3,2,18.99
704,1,2,12.99
705,6,3,13.99
705,2,1,15.99
705,4,3,14.99
706,3,2,18.99
706,1,2,12.99
706,4,2,14.99
707,3,1,18.99
707,3,1,18.99
707,6,3,13.99
708,1,2,12.99
708,2,3,15.99
708,2,2,15.99
708,5,2,16.99
709,5,3,16.99
709,1,1,12.99
709,6,2,13.99
710,5,2,16.99
710,4,2,14.99
711,1,3,12.99
711,1,2,12.99
711,1,3,12.99
712,1,2,12.99
712,5,3,16.99
713,4,1,14.99
713,5,3,16.99
713,4,1,14.99
713,6,1,13.99
714,1,2,12.99
715,1,3,12.99
715,3,1,18.99
715,1,3,12.99
716,6,2,13.99
716,4,1,14.99
717,3,1,18.99
717,5,1,16.99
717,6,1,13.99
717,2,2,15.99
718,2,2,15.99
718,4,1,14.99
719,2,2,15.99
719,5,3,16.99
719,6,1,13.99
719,3,1,18.99
720,2,2,15.99
720,3,1,18.99
721,4,1,14.99
721,6,3,13.99
722,6,1,13.99
722,1,3,12.99
723,2,3,15.99
723,6,2,13.99
723,5,1,16.99
724,1,3,12.99
725,3,1,18.99
725,1,1,12.99
725,2,2,15.99
725,5,2,16.99
726,1,3,12.99
726,6,1,13.99
726,1,2,12.99
727,6,3,13.99
727,5,1,16.99
727,1,1,12.99
728,2,1,15.99
728,4,3,14.99
729,4,1,14.99
730,6,2,13.99
730,6,2,13.99
730,2,1,15.99
731,2,3,15.99
731,5,2,16.99
731,4,1,14.99
731,6,1,13.99
732,2,1,15.99
732,2,3,15.99
732,5,3,16.99
732,3,2,18.99
733,6,3,13.99
733,4,1,14.99
733,4,2,14.99
733,3,1,18.99
734,1,1,12.99
734,1,2,12.99
734,1,2,12.99
734,3,2,18.99
735,1,2,12.99
735,1,3,12.99
735,4,1,14.99
736,3,1,18.99
736,3,2,18.99
736,2,1,15.99
737,5,1,16.99
738,5,2,16.99
738,5,1,16.99
739,5,3,16.99
739,2,1,15.99
740,6,2,13.99
740,3,1,18.99
741,6,1,13.99
741,1,2,12.99
741,4,3,14.99
742,4,3,14.99
742,6,1,13.99
742,4,3,14.99
742,2,1,15.99
743,3,3,18.99
743,4,1,14.99
743,6,3,13.99
743,5,1,16.99
744,4,1,14.99
744,6,1,13.99
745,1,1,12.99
745,4,3,14.99
746,3,1,18.99
746,4,2,14.99
746,5,2,16.99
746,2,2,15.99
747,3,2,18.99
747,6,2,13.99
747,5,3,16.99
747,2,2,15.99
748,6,1,13.99
748,6,2,13.99
749,2,3,15.99
749,5,1,16.99
750,3,1,18.99
750,1,2,12.99
750,5,2,16.99
751,6,2,13.99
751,3,1,18.99
752,6,2,13.99
753,2,2,15.99
753,6,3,13.99
753,3,3,18.99
753,3,2,18.99
754,1,2,12.99
754,6,3,13.99
754,5,1,16.99
755,5,3,16.99
756,4,1,14.99
756,5,3,16.99
756,4,2,14.99
757,3,1,18.99
757,2,1,15.99
758,1,2,12.99
758,1,3,12.99
759,6,2,13.99
759,2,3,15.99
759,1,1,12.99
759,5,2,16.99
760,4,2,14.99
760,3,1,18.99
761,6,3,13.99
761,6,3,13.99
761,1,3,12.99
762,3,2,18.99
762,2,1,15.99
762,3,1,18.99
763,4,1,14.99
764,6,3,13.99
764,2,1,15.99
764,2,2,15.99
765,2,2,15.99
765,3,1,18.99
765,1,1,12.99
766,6,2,13.99
766,6,2,13.99
766,5,1,16.99
767,6,3,13.99
767,3,2,18.99
768,5,1,16.99
768,6,1,13.99
768,2,1,15.99
769,1,3,12.99
769,6,1,13.99
769,3,3,18.99
769,6,1,13.99
770,1,3,12.99
770,4,2,14.99
771,5,2,16.99
771,6,2,13.99
771,5,3,16.99
772,6,2,13.99
772,3,2,18.99
772,5,3,16.99
773,2,3,15.99
774,4,2,14.99
775,4,3,14.99
775,2,1,15.99
775,2,3,15.99
775,5,2,16.99
776,4,3,14.99
776,1,3,12.99
777,1,2,12.99
777,1,3,12.99
777,2,2,15.99
778,1,2,12.99
779,2,3,15.99
779,2,1,15.99
780,4,2,14.99
780,6,3,13.99
780,6,3,13.99
781,4,1,14.99
781,4,3,14.99
782,2,2,15.99
783,6,1,13.99
783,4,1,14.99
783,4,3,14.99
784,2,1,15.99
785,1,1,12.99
785,5,1,16.99
785,6,2,13.99
785,6,2,13.99
786,6,2,13.99
786,2,3,15.99
786,4,1,14.99
786,6,2,13.99
787,6,3,13.99
787,3,2,18.99
787,2,1,15.99
788,1,2,12.99
789,2,2,15.99
789,2,2,15.99
789,1,2,12.99
789,1,2,12.99
790,3,2,18.99
790,6,3,13.99
790,1,3,12.99
791,1,1,12.99
791,2,1,15.99
792,3,3,18.99
792,3,1,18.99
792,4,1,14.99
792,3,2,18.99
793,4,2,14.99
793,3,2,18.99
793,4,2,14.99
793,6,2,13.99
794,4,1,14.99
795,3,3,18.99
795,3,1,18.99
796,2,3,15.99
796,3,2,18.99
796,5,1,16.99
797,6,1,13.99
797,5,1,16.99
797,1,3,12.99
797,6,1,13.99
798,6,2,13.99
798,6,2,13.99
799,1,1,12.99
799,6,3,13.99
800,3,3,18.99
800,4,3,14.99
801,2,2,15.99
801,5,2,16.99
801,5,3,16.99
802,3,2,18.99
802,3,2,18.99
802,4,2,14.99
803,1,1,12.99
803,5,2,16.99
803,1,3,12.99
804,2,3,15.99
804,4,1,14.99
804,6,1,13.99
804,4,2,14.99
805,6,3,13.99
805,3,2,18.99
805,6,2,13.99
805,5,3,16.99
806,1,1,12.99
806,2,2,15.99
807,5,2,16.99
807,5,1,16.99
807,6,1,13.99
807,4,2,14.99
808,5,1,16.99
808,3,1,18.99
808,5,3,16.99
808,3,1,18.99
809,2,2,15.99
809,6,1,13.99
809,6,1,13.99
809,3,3,18.99
810,1,1,12.99
810,1,3,12.99
811,3,3,18.99
812,3,3,18.99
812,5,3,16.99
813,1,3,12.99
813,2,1,15.99
813,4,2,14.99
814,3,1,18.99
815,5,2,16.99
815,2,1,15.99
816,4,3,14.99
816,4,1,14.99
816,3,1,18.99
816,1,2,12.99
817,2,2,15.99
817,3,2,18.99
817,5,1,16.99
817,5,3,16.99
818,1,3,12.99
818,1,3,12.99
819,5,1,16.99
819,4,3,14.99
819,3,3,18.99
820,4,2,14.99
820,1,3,12.99
821,4,2,14.99
821,1,3,12.99
821,5,1,16.99
822,5,3,16.99
822,3,1,18.99
822,4,2,14.99
822,5,3,16.99
823,1,2,12.99
823,3,2,18.99
824,3,1,18.99
824,5,2,16.99
825,4,2,14.99
825,1,3,12.99
825,5,1,16.99
826,3,3,18.99
826,3,1,18.99
827,1,1,12.99
828,3,3,18.99
828,2,1,15.99
828,4,2,14.99
828,2,2,15.99
829,6,2,13.99
830,1,3,12.99
830,6,3,13.99
830,3,1,18.99
830,3,3,18.99
831,3,1,18.99
832,5,3,16.99
833,4,1,14.99
833,5,2,16.99
833,6,2,13.99
833,2,3,15.99
834,5,2,16.99
834,3,1,18.99
835,6,3,13.99
835,5,1,16.99
836,6,3,13.99
837,5,1,16.99
837,2,1,15.99
838,5,3,16.99
838,3,2,18.99
838,1,2,12.99
839,3,3,18.99
840,2,2,15.99
840,1,2,12.99
840,2,2,15.99
840,2,2,15.99
841,6,3,13.99
841,4,1,14.99
841,3,1,18.99
841,2,3,15.99
842,1,3,12.99
842,3,3,18.99
842,1,3,12.99
843,4,2,14.99
843,1,3,12.99
844,2,1,15.99
844,2,3,15.99
845,4,2,14.99
846,4,3,14.99
846,1,2,12.99
847,3,3,18.99
847,3,2,18.99
847,4,3,14.99
848,4,3,14.99
848,6,1,13.99
849,3,2,18.99
850,2,1,15.99
850,1,1,12.99
850,3,1,18.99
850,6,3,13.99
851,5,1,16.99
851,1,1,12.99
851,1,1,12.99
852,5,3,16.99
852,6,3,13.99
852,2,1,15.99
852,3,3,18.99
853,1,1,12.99
853,5,1,16.99
853,2,2,15.99
854,3,2,18.99
854,3,1,18.99
854,2,1,15.99
855,5,3,16.99
855,2,1,15.99
855,5,3,16.99
855,3,3,18.99
856,4,1,14.99
856,5,1,16.99
856,6,3,13.99
857,3,1,18.99
857,3,1,18.99
857,6,1,13.99
857,1,3,12.99
858,1,1,12.99
859,4,2,14.99
859,1,1,12.99
859,3,3,18.99
859,2,2,15.99
860,2,1,15.99
860,2,1,15.99
860,2,1,15.99
861,5,3,16.99
861,1,2,12.99
861,5,1,16.99
862,1,3,12.99
863,2,1,15.99
863,6,1,13.99
863,2,1,15.99
864,6,1,13.99
864,5,3,16.99
864,2,3,15.99
865,6,3,13.99
865,2,2,15.99
865,3,1,18.99
865,4,2,14.99
866,4,2,14.99
866,4,3,14.99
867,3,1,18.99
868,6,1,13.99
868,3,3,18.99
868,3,1,18.99
869,2,1,15.99
869,5,3,16.99
870,2,2,15.99
871,1,3,12.99
872,1,1,12.99
873,3,2,18.99
873,3,1,18.99
873,6,3,13.99
874,4,1,14.99
874,3,1,18.99
874,4,2,14.99
874,4,2,14.99
875,4,1,14.99
875,2,2,15.99
875,4,2,14.99
876,1,1,12.99
877,3,1,18.99
877,4,2,14.99
877,3,1,18.99
878,2,3,15.99
878,2,1,15.99
879,2,2,15.99
879,5,1,16.99
879,6,3,13.99
879,2,3,15.99
880,5,3,16.99
880,1,2,12.99
880,3,3,18.99
880,2,2,15.99
881,2,2,15.99
882,3,1,18.99
882,3,3,18.99
883,2,2,15.99
883,6,3,13.99
883,4,1,14.99
883,2,1,15.99
884,5,3,16.99
885,3,3,18.99
885,2,2,15.99
886,5,2,16.99
886,6,3,13.99
886,4,3,14.99
886,2,2,15.99
887,1,1,12.99
887,3,2,18.99
888,3,3,18.99
889,4,1,14.99
889,1,1,12.99
889,3,1,18.99
889,6,2,13.99
890,1,1,12.99
890,4,2,14.99
890,2,2,15.99
890,3,3,18.99
891,6,2,13.99
892,2,3,15.99
893,2,3,15.99
894,5,2,16.99
894,1,1,12.99
894,4,3,14.99
895,6,1,13.99
895,1,3,12.99
895,1,3,12.99
896,6,3,13.99
897,6,2,13.99
897,5,3,16.99
898,6,3,13.99
898,3,3,18.99
898,1,1,12.99
898,6,1,13.99
899,5,1,16.99
899,3,2,18.99
899,4,2,14.99
899,2,3,15.99
900,4,1,14.99
900,6,2,13.99
900,5,2,16.99
901,2,1,15.99
902,1,1,12.99
902,4,1,14.99
902,4,1,14.99
902,2,2,15.99
903,5,1,16.99
904,2,3,15.99
904,3,3,18.99
904,6,2,13.99
905,6,3,13.99
906,1,3,12.99
906,1,1,12.99
906,3,1,18.99
906,2,1,15.99
907,4,1,14.99
907,4,2,14.99
908,4,3,14.99
908,6,1,13.99
908,3,1,18.99
909,6,3,13.99
910,1,1,12.99
910,2,2,15.99
910,2,1,15.99
910,3,3,18.99
911,3,3,18.99
911,3,1,18.99
912,6,2,13.99
912,6,2,13.99
912,2,1,15.99
912,3,3,18.99
913,2,1,15.99
913,1,3,12.99
914,1,3,12.99
914,5,1,16.99
914,1,2,12.99
915,1,3,12.99
916,2,1,15.99
916,5,1,16.99
917,3,2,18.99
918,2,2,15.99
918,5,2,16.99
919,2,2,15.99
919,5,3,16.99
919,1,1,12.99
920,1,2,12.99
921,6,3,13.99
921,4,3,14.99
921,6,1,13.99
921,4,2,14.99
922,6,1,13.99
923,6,1,13.99
923,5,2,16.99
924,2,2,15.99
924,3,2,18.99
924,2,3,15.99
925,3,2,18.99
925,5,1,16.99
925,5,1,16.99
926,6,2,13.99
926,3,1,18.99
926,6,3,13.99
926,3,3,18.99
927,4,2,14.99
928,4,3,14.99
929,5,1,16.99
930,5,3,16.99
930,3,3,18.99
930,1,2,12.99
930,4,1,14.99
931,5,1,16.99
931,5,1,16.99
932,2,2,15.99
933,3,2,18.99
933,1,3,12.99
933,1,1,12.99
933,3,2,18.99
934,5,2,16.99
934,6,2,13.99
935,2,1,15.99
935,5,3,16.99
936,1,2,12.99
936,6,2,13.99
936,6,3,13.99
936,2,3,15.99
937,6,2,13.99
938,3,2,18.99
938,3,1,18.99
938,4,2,14.99
938,6,1,13.99
939,5,2,16.99
940,1,1,12.99
940,5,1,16.99
941,1,1,12.99
941,5,1,16.99
941,2,3,15.99
942,3,1,18.99
942,5,2,16.99
943,1,1,12.99
943,4,1,14.99
944,2,3,15.99
944,1,3,12.99
944,1,3,12.99
945,2,3,15.99
945,5,3,16.99
945,6,1,13.99
945,6,2,13.99
946,6,2,13.99
946,1,2,12.99
946,5,3,16.99
946,5,1,16.99
947,2,2,15.99
947,1,3,12.99
948,3,1,18.99
949,6,3,13.99
949,2,3,15.99
949,2,2,15.99
949,5,2,16.99
950,2,2,15.99
950,1,3,12.99
950,1,1,12.99
950,3,1,18.99
951,2,2,15.99
951,6,2,13.99
951,1,2,12.99
951,1,2,12.99
952,6,1,13.99
952,6,2,13.99
953,6,2,13.99
953,4,1,14.99
954,6,3,13.99
954,2,3,15.99
954,4,3,14.99
955,6,3,13.99
955,2,3,15.99
955,4,1,14.99
956,6,2,13.99
956,5,3,16.99
957,6,3,13.99
957,5,1,16.99
958,3,2,18.99
958,6,2,13.99
959,4,2,14.99
959,3,3,18.99
959,1,3,12.99
959,4,1,14.99
960,4,2,14.99
960,3,2,18.99
960,4,3,14.99
960,1,2,12.99
961,5,2,16.99
961,4,3,14.99
961,5,2,16.99
962,3,3,18.99
962,3,2,18.99
962,4,1,14.99
963,2,3,15.99
964,4,3,14.99
964,2,1,15.99
964,6,1,13.99
964,3,1,18.99
965,3,2,18.99
965,2,2,15.99
965,4,3,14.99
966,1,1,12.99
967,1,3,12.99
967,5,2,16.99
967,4,1,14.99
968,6,3,13.99
968,3,3,18.99
968,5,3,16.99
968,2,3,15.99
969,5,3,16.99
969,5,1,16.99
969,6,3,13.99
969,4,2,14.99
970,5,3,16.99
970,3,2,18.99
970,1,1,12.99
970,1,1,12.99
971,4,2,14.99
971,2,3,15.99
972,2,2,15.99
972,1,1,12.99
973,5,1,16.99
974,3,3,18.99
974,2,1,15.99
975,4,1,14.99
975,4,2,14.99
975,6,2,13.99
976,5,1,16.99
976,3,3,18.99
977,1,2,12.99
977,6,3,13.99
977,3,1,18.99
977,3,1,18.99
978,3,3,18.99
978,4,2,14.99
978,2,1,15.99
979,5,1,16.99
980,1,2,12.99
980,2,2,15.99
981,3,1,18.99
981,4,3,14.99
982,4,2,14.99
982,2,2,15.99
983,6,1,13.99
983,1,1,12.99
983,2,2,15.99
984,6,1,13.99
985,4,1,14.99
985,3,2,18.99
986,6,2,13.99
986,6,1,13.99
987,4,2,14.99
987,3,3,18.99
988,1,2,12.99
988,5,3,16.99
988,5,2,16.99
988,5,2,16.99
989,2,2,15.99
989,5,2,16.99
989,4,1,14.99
989,6,1,13.99
990,5,2,16.99
991,3,1,18.99
992,3,3,18.99
992,6,2,13.99
993,5,3,16.99
993,4,1,14.99
994,3,1,18.99
994,5,3,16.99
994,2,2,15.99
994,1,3,12.99
995,6,2,13.99
995,5,1,16.99
996,6,1,13.99
996,6,2,13.99
997,2,2,15.99
998,1,1,12.99
998,2,3,15.99
999,2,2,15.99
1000,3,2,18.99
1000,2,1,15.99
1000,1,2,12.99
1000,5,3,16.99
